<?xml version="1.0" encoding="UTF-8"?>
<GenRun Id="impl_1" LaunchPart="xc7a35tcpg236-1" LaunchTime="1608274963">
  <File Type="ROUTE-PWR" Name="Basys3_power_routed.rpt"/>
  <File Type="PA-TCL" Name="Basys3.tcl"/>
  <File Type="PWROPT-DCP" Name="Basys3_pwropt.dcp"/>
  <File Type="ROUTE-PWR-SUM" Name="Basys3_power_summary_routed.pb"/>
  <File Type="REPORTS-TCL" Name="Basys3_reports.tcl"/>
  <File Type="BG-DRC" Name="Basys3.drc"/>
  <File Type="OPT-HWDEF" Name="Basys3.hwdef"/>
  <File Type="OPT-DCP" Name="Basys3_opt.dcp"/>
  <File Type="OPT-DRC" Name="Basys3_drc_opted.rpt"/>
  <File Type="PLACE-DCP" Name="Basys3_placed.dcp"/>
  <File Type="PLACE-IO" Name="Basys3_io_placed.rpt"/>
  <File Type="PLACE-UTIL" Name="Basys3_utilization_placed.rpt"/>
  <File Type="PLACE-UTIL-PB" Name="Basys3_utilization_placed.pb"/>
  <File Type="PLACE-CTRL" Name="Basys3_control_sets_placed.rpt"/>
  <File Type="PLACE-PRE-SIMILARITY" Name="Basys3_incremental_reuse_pre_placed.rpt"/>
  <File Type="POSTPLACE-PWROPT-DCP" Name="Basys3_postplace_pwropt.dcp"/>
  <File Type="PHYSOPT-DCP" Name="Basys3_physopt.dcp"/>
  <File Type="BG-BIT" Name="Basys3.bit"/>
  <File Type="ROUTE-ERROR-DCP" Name="Basys3_routed_error.dcp"/>
  <File Type="ROUTE-DCP" Name="Basys3_routed.dcp"/>
  <File Type="ROUTE-BLACKBOX-DCP" Name="Basys3_routed_bb.dcp"/>
  <File Type="ROUTE-DRC" Name="Basys3_drc_routed.rpt"/>
  <File Type="ROUTE-DRC-PB" Name="Basys3_drc_routed.pb"/>
  <File Type="ROUTE-DRC-RPX" Name="Basys3_drc_routed.rpx"/>
  <File Type="BITSTR-MSK" Name="Basys3.msk"/>
  <File Type="ROUTE-METHODOLOGY-DRC" Name="Basys3_methodology_drc_routed.rpt"/>
  <File Type="BG-BGN" Name="Basys3.bgn"/>
  <File Type="ROUTE-METHODOLOGY-DRC-RPX" Name="Basys3_methodology_drc_routed.rpx"/>
  <File Type="BITSTR-RBT" Name="Basys3.rbt"/>
  <File Type="ROUTE-METHODOLOGY-DRC-PB" Name="Basys3_methodology_drc_routed.pb"/>
  <File Type="BG-BIN" Name="Basys3.bin"/>
  <File Type="ROUTE-PWR-RPX" Name="Basys3_power_routed.rpx"/>
  <File Type="ROUTE-STATUS" Name="Basys3_route_status.rpt"/>
  <File Type="ROUTE-STATUS-PB" Name="Basys3_route_status.pb"/>
  <File Type="ROUTE-TIMINGSUMMARY" Name="Basys3_timing_summary_routed.rpt"/>
  <File Type="ROUTE-TIMING-PB" Name="Basys3_timing_summary_routed.pb"/>
  <File Type="ROUTE-TIMING-RPX" Name="Basys3_timing_summary_routed.rpx"/>
  <File Type="ROUTE-CLK" Name="Basys3_clock_utilization_routed.rpt"/>
  <File Type="RDI-RDI" Name="Basys3.vdi"/>
  <File Type="POSTROUTE-PHYSOPT-DCP" Name="Basys3_postroute_physopt.dcp"/>
  <File Type="POSTROUTE-PHYSOPT-BLACKBOX-DCP" Name="Basys3_postroute_physopt_bb.dcp"/>
  <File Type="BITSTR-NKY" Name="Basys3.nky"/>
  <File Type="BITSTR-BMM" Name="Basys3_bd.bmm"/>
  <File Type="BITSTR-MMI" Name="Basys3.mmi"/>
  <File Type="BITSTR-LTX" Name="Basys3.ltx"/>
  <File Type="BITSTR-SYSDEF" Name="Basys3.sysdef"/>
  <File Type="WBT-USG" Name="usage_statistics_webtalk.html"/>
  <FileSet Name="sources" Type="DesignSrcs" RelSrcDir="$PSRCDIR/sources_1">
    <Filter Type="Srcs"/>
    <File Path="$PSRCDIR/sources_1/new/DM_unit.v">
      <FileInfo>
        <Attr Name="UsedIn" Val="synthesis"/>
        <Attr Name="UsedIn" Val="implementation"/>
        <Attr Name="UsedIn" Val="simulation"/>
      </FileInfo>
    </File>
    <File Path="$PSRCDIR/sources_1/new/IM_unit.v">
      <FileInfo>
        <Attr Name="UsedIn" Val="synthesis"/>
        <Attr Name="UsedIn" Val="implementation"/>
        <Attr Name="UsedIn" Val="simulation"/>
      </FileInfo>
    </File>
    <File Path="$PSRCDIR/sources_1/new/alu.v">
      <FileInfo>
        <Attr Name="UsedIn" Val="synthesis"/>
        <Attr Name="UsedIn" Val="implementation"/>
        <Attr Name="UsedIn" Val="simulation"/>
      </FileInfo>
    </File>
    <File Path="$PSRCDIR/sources_1/new/aluctr.v">
      <FileInfo>
        <Attr Name="UsedIn" Val="synthesis"/>
        <Attr Name="UsedIn" Val="implementation"/>
        <Attr Name="UsedIn" Val="simulation"/>
      </FileInfo>
    </File>
    <File Path="$PSRCDIR/sources_1/new/ctr.v">
      <FileInfo>
        <Attr Name="UsedIn" Val="synthesis"/>
        <Attr Name="UsedIn" Val="implementation"/>
        <Attr Name="UsedIn" Val="simulation"/>
      </FileInfo>
    </File>
    <File Path="$PSRCDIR/sources_1/new/light.v">
      <FileInfo>
        <Attr Name="UsedIn" Val="synthesis"/>
        <Attr Name="UsedIn" Val="implementation"/>
        <Attr Name="UsedIn" Val="simulation"/>
      </FileInfo>
    </File>
    <File Path="$PSRCDIR/sources_1/new/regfile.v">
      <FileInfo>
        <Attr Name="UsedIn" Val="synthesis"/>
        <Attr Name="UsedIn" Val="implementation"/>
        <Attr Name="UsedIn" Val="simulation"/>
      </FileInfo>
    </File>
    <File Path="$PSRCDIR/sources_1/new/signext.v">
      <FileInfo>
        <Attr Name="UsedIn" Val="synthesis"/>
        <Attr Name="UsedIn" Val="implementation"/>
        <Attr Name="UsedIn" Val="simulation"/>
      </FileInfo>
    </File>
    <File Path="$PSRCDIR/sources_1/new/top.v">
      <FileInfo>
        <Attr Name="UsedIn" Val="synthesis"/>
        <Attr Name="UsedIn" Val="implementation"/>
        <Attr Name="UsedIn" Val="simulation"/>
      </FileInfo>
    </File>
    <File Path="$PSRCDIR/sources_1/new/Basys3.v">
      <FileInfo>
        <Attr Name="UsedIn" Val="synthesis"/>
        <Attr Name="UsedIn" Val="implementation"/>
        <Attr Name="UsedIn" Val="simulation"/>
      </FileInfo>
    </File>
    <Config>
      <Option Name="DesignMode" Val="RTL"/>
      <Option Name="TopModule" Val="Basys3"/>
      <Option Name="TopAutoSet" Val="TRUE"/>
    </Config>
  </FileSet>
  <FileSet Name="constrs_in" Type="Constrs" RelSrcDir="$PSRCDIR/constrs_1">
    <Filter Type="Constrs"/>
    <File Path="$PSRCDIR/constrs_1/new/CONS.xdc">
      <FileInfo>
        <Attr Name="UsedIn" Val="synthesis"/>
        <Attr Name="UsedIn" Val="implementation"/>
      </FileInfo>
    </File>
    <Config>
      <Option Name="TargetConstrsFile" Val="$PSRCDIR/constrs_1/new/CONS.xdc"/>
      <Option Name="ConstrsType" Val="XDC"/>
    </Config>
  </FileSet>
  <Strategy Version="1" Minor="2">
    <StratHandle Name="Vivado Implementation Defaults" Flow="Vivado Implementation 2017"/>
    <Step Id="init_design"/>
    <Step Id="opt_design"/>
    <Step Id="power_opt_design"/>
    <Step Id="place_design"/>
    <Step Id="post_place_power_opt_design"/>
    <Step Id="phys_opt_design"/>
    <Step Id="route_design"/>
    <Step Id="post_route_phys_opt_design"/>
    <Step Id="write_bitstream"/>
  </Strategy>
</GenRun>
